BRCA1,BRCA2,TP53,PTEN,CHEK2,ATM,PALB2,BARD1,RAD51,MRE11,NBN,CDH1,STK11,AKT1,EGFR,FGFR2,ERBB2,ESR1,PGR,GATA3,MAP3K1,MYC,CCND1,MDM2,RB1
-1.254598811526375,4.507143064099162,2.3199394181140507,0.986584841970366,-3.439813595575635,-3.4400547966379733,-4.419163878318005,3.6617614577493516,1.011150117432088,2.080725777960455,-4.7941550570419755,4.699098521619943,3.3244264080042174,-2.8766088932172384,-3.181750327928994,-3.165954901465662,-1.9575775704046228,0.2475643163223784,-0.6805498135788424,-2.0877085980195806,1.1185289472237947,-3.6050613934795814,-2.0785535146478185,-1.336381567063083,-0.4393001578296407
2.851759613930136,-3.003262178416403,0.14234438413611605,0.9241456886204247,-4.5354958728000225,1.0754485190143837,-3.294758763127085,-4.349484070147205,4.488855372533332,4.656320330745594,3.0839734811646116,-1.9538623082662931,-4.023278859936161,1.842330265121569,-0.598475062603987,-3.7796176515522117,-0.048230898887298146,-4.656114788847816,4.09320402078782,-2.412200183999831,1.6252228435398197,-1.8828892391058905,0.20068021177810813,0.4671027934327965,-3.1514554447447294
4.695846277645586,2.7513282336111455,4.394989415641891,3.9482735042764885,0.9789997881108514,4.218742350231168,-4.115074979480805,-3.040171375808548,-4.54772711089462,-1.7466966923673566,-1.11322710310518,-2.286509682261041,3.2873750915192934,-1.4324667330641072,-2.1906549031261924,0.42696083158248466,-3.5907577502523735,3.0219698075403967,-4.254493563202292,4.868869366005173,2.722447692966574,-3.012843184658276,-4.944778828763976,3.154614284548342,2.068573438476171
2.290071680409873,2.712703466859457,-4.259553482659096,-1.415342714557274,-3.841309404748703,3.6310342587559354,1.2329812682755792,-1.6910197514735081,-4.364416497139763,-1.890176782843378,-1.7481667797325295,2.2960617833806407,1.3755747135521312,3.8721274257632654,-0.27785074838050705,-3.804057540616983,2.13244787222995,2.6078504861689744,0.6127719756949623,2.70967179954561,-0.06204403635609257,0.22732829381994057,-0.7245898164145037,-4.745808732559048,-3.9210857300669555
-4.685708143132658,1.364104112637804,-1.8564401892367333,0.0857069116470277,4.07566473926093,-2.5070777085112503,-0.8961707696437027,2.5555113854304867,-2.7120183450837754,-4.23020090171207,-2.1024854708623195,-3.387787127459956,4.29697652342573,3.0812037956441696,1.3340375651042347,3.714605901877177,3.0367207689911444,-3.134299411139642,3.9255899848997777,0.3934224191565072,3.0744015516406256,3.9609129992349326,-1.8199652502813612,-3.8994807547232324,-2.720648374580583
-0.7289221137374369,3.1801476592249314,3.6073058325634344,-4.930478694688093,0.10747302577565732,-0.8258899685122101,-2.7789218952926973,-3.8013463266631717,-1.6238482859637204,4.429097039125192,-1.7679706797924477,0.18790621743366098,2.0301895889517785,-1.3637039762070602,4.717820827209607,4.624472949421112,-2.4821770417463584,-0.027514941076145494,-1.9912169018323034,-2.151595056225324,-4.6311305264546725,1.0956433397989684,0.02679023228861488,-4.485212487500107,-2.2135353576338854
4.082658859666537,-2.604381093330276,-3.551051279087769,-0.10547239722436985,4.856504541106007,-2.5794472848849956,1.7213554740587855,2.616196153287176,-2.6236245600760033,2.2821634861185958,-1.3221686728074677,1.3230583059357948,1.335297107608947,0.3577468407475848,-4.097102299455917,3.35302495589238,-1.7921993502826417,-3.1348148960014575,-4.592248584452361,0.9089294318824181,1.7756436184228241,-4.834121710721439,0.12093058299280979,-2.7350422480206205,1.4517279040944986
-3.2563357099500854,1.9093773810246595,-1.132646536994626,4.367299887367345,-3.6247905585400675,-1.589336489497415,-3.8652647875941093,4.246936182785628,3.77339353380981,-2.420583722848444,1.5998404603417904,3.172222002012158,0.5520081159946233,0.29650578356006485,-2.581477090995483,-4.068972321941008,3.9721575795332678,4.004180571633304,1.3310145727326794,-1.6097020895129932,-1.507904253873391,2.259556788702394,3.971102599525771,3.870864242651173,2.7987554585762386
1.4203164615428776,-4.158600350049512,-3.3837128590538623,3.9855418852707922,1.0642905965958993,-4.908029483833704,-3.9852845713396787,1.635017691080558,-4.949384161537813,-3.3919194858250137,0.4873378936658612,1.9189519769269325,1.5196125950260053,-2.757306905394402,2.1217922134753584,-2.6275091250319993,-1.7460030184073227,2.4649140511802416,1.4963289904721466,3.4922341049417795,1.5761289230034337,0.6830860333547162,-4.063252321719075,-1.3228419694056648,-2.3479763231827455
-2.5601035662091642,4.730105547524456,-1.069022753332396,3.920465551771133,1.311386259972629,2.948113035416484,0.02637093105192112,0.7690388462635911,-0.074823061811361,-3.047570122019555,2.2245211526150532,-2.192276375591442,-4.756840335685462,1.4547229590716781,-3.2288932059295106,4.4045858435291425,4.539285770025874,4.148643902204485,-1.298412997445556,-4.845433834711326,4.283185625877254,-0.7181585168268567,4.666548190436695,4.636199770892528,3.5300945546736004
-2.055511079304143,-1.1490227139807474,3.511366715168569,-1.8307799484372234,-3.305072533139075,0.5680126245835015,4.36154774160781,1.96029796674973,0.7006117008936497,-4.028235062292315,1.1500722669916974,4.900538501042632,-3.59915984763476,0.18329652363736737,3.7737307192795546,2.407686177542044,1.9701574099526797,2.024840839871093,-1.4050884878024483,-2.0640815573550664,3.093611554785136,3.1011339467918075,3.670723185801037,4.132405525564713,0.11342398860937797
0.015162946871996041,2.9829517896677515,1.4996393077776515,2.0196687725770337,2.9579266943610105,3.9000534181756628,-1.620048431484642,-1.2441704736005599,-4.06018060159131,0.7828014099617397,-4.640577262032579,-0.34401981867539844,0.42644634707576623,-2.134587478717156,0.9083326056901075,-4.694997500609506,-4.626518112507856,3.2260056065965825,-1.398093585887371,-3.7293948734811524,0.2224326005480437,2.6999355309861084,-2.8417897250315685,1.2289047581900026,-4.14652535006232
-4.483182788313923,0.31354631568147995,0.40635121610106517,1.3742990149820655,2.2609133372266155,4.758520794625346,0.1630034830119531,-1.7704352705875404,2.9518619476870365,-2.291677487379258,-0.6102857929436389,-4.215436186577341,-4.746492565845425,4.626484146779251,3.359801205122058,1.9597420609369798,-0.9104705558573012,-3.2670567992915425,-3.4356295732891393,-2.497571018354047,0.4922666470612047,2.145959227000623,1.6019737671773127,-2.2006610305405716,4.5486528066319405
2.378969166957685,0.5435405251140069,1.1172074623435224,-0.8039993757221009,-2.5226901049884254,-1.4402732134873841,2.578461104643691,-4.856065113702441,-3.8392735949308374,-4.5399735797824725,-4.592711976810299,3.554605840110072,2.036578593800237,-0.25826170912674806,-4.021658393489985,-0.08384124883167643,-0.2652822921943432,-3.267981300899848,-0.6614835076202696,-1.0149526560262656,1.1585009805221647,1.350936508676438,-4.546959902279555,-1.2538738537352878,1.2585991571423638
0.03136258580087703,3.564898411883223,1.58693631618945,-3.370655729185703,-4.294312525995702,1.4241927820631561,-4.734886894583782,0.857755812734633,4.402302414249576,0.7547417787587896,-1.118300737934781,1.4328821844235318,-0.4174710950848337,0.45616789315934936,4.414648087765252,-1.1389736219922575,4.611905638239142,4.053506419560637,-3.0420886521070356,-4.3063869912483455,-3.9922199862257335,-4.8177817434845025,-4.055570392440716,1.8300677341635685,-4.28811351539771
-1.810243697062387,3.448753109694546,-4.767280642641741,3.1446848258893576,-2.1814522522660007,-3.8183517237834375,1.9673716536415065,1.28942846779884,3.7747201352705293,2.350710438038858,3.034809303848486,-2.179654274286935,-3.225604562202772,2.5061475164085834,3.0683473926726403,4.905051420006733,-0.8738232308857352,-1.2798191420721683,2.764129607419968,-1.5919645974698216,4.3075732560356474,3.584127518430118,-0.7100597262498165,2.5087106779149737,2.5454287408468232
-3.968761311640674,4.0255290667956665,0.052523724478571454,3.2645746610774165,-1.7995039896938825,3.9552322849620047,-1.1079832126583689,-4.891623485197016,4.053819764192637,-4.087133232138664,-1.8068636240958513,4.5006196705080495,4.506071469375561,0.7343788812328611,1.3183721216979927,-0.5155447802168023,-2.0678922830193547,-1.7133545463008404,1.7251845607703842,2.5237452943768,2.9157904372584853,2.896181427945539,-4.087938969513097,-0.0557969529741853,-4.424412399833557
0.49528882323735535,-0.5846949862662298,3.877041827582998,-1.4908498744792131,-3.829329835723941,-3.5700831794716414,2.6151063171747224,1.1821806331626106,-3.9887732387720973,-4.158931938850026,2.0096913145912,-4.272369936358064,3.218600592903562,2.0624222715649623,-4.186512193581002,-4.15162285914808,4.866395785011754,-1.2572920424387968,-1.2935785293310909,3.1279956725750258,4.472485773838587,4.860010638228709,2.5337818525894162,-1.2374041446908424,-4.164992833013312
2.7714691592743677,0.5840424973580505,-0.7577799075302372,4.06354385094736,-3.888025176938487,-0.0737489570914085,-4.886463552325809,-0.3133935800587373,-4.436967243181627,-3.8118208373192806,-3.8247375322289514,1.4921030211606356,2.460448792654233,0.8336876509715963,4.621725484745419,-1.2512942047629594,-2.1428791371813927,3.685991281894603,-2.764041614805474,4.632225394406113,-4.878455253101837,4.69878826707639,-4.568400880494239,3.9114311369807107,0.2770110908629986
4.9296479611930035,-4.262034352646012,0.5385428440132078,4.69302535619099,0.23097844170148818,1.2939863813526253,1.9574868898461717,-0.4545893523222677,1.2755808008406344,0.8431431192310024,4.01158010490989,-4.545536196585421,-2.190368104077697,4.504114840765587,3.902637838909163,-0.4434324721428706,1.2013259780153673,-2.2261881701886734,-3.118788402762387,-0.36301595060017844,-1.4664777197394718,0.8365611185087207,-4.222653630350152,4.743948076661665,4.862107444796029
1.9816171401974514,0.3609636634412039,-1.9047238371367226,3.137950197069487,1.8473117255387927,-3.373830606551087,4.109271844938425,3.22537242923169,4.49799913291924,2.2571950838836,1.1341519593578986,-0.8175696370938113,4.327284833540133,3.660638895004084,-4.547813298938106,-4.73633025502748,-1.235366331219504,3.105533307818329,4.872761293149445,-3.495831088964718,0.9413071535213513,-1.1910914336897849,4.699143978146032,3.421189231357087,3.3832870471113785
-0.3130684020502972,-0.8518049766233482,-2.2659292806929376,-4.436245033490729,3.6472237625505324,3.129010091300776,4.9971767328613055,4.966368370739054,0.5543170560262745,2.689874151805105,4.44765729882428,3.4964739067741144,-2.5265189825680237,-0.4945586468990648,-3.70840584848505,4.540510272587223,1.0617463445088005,-2.7135719449653726,1.7170068440585673,1.1812824045789583,-1.418372819671595,-3.86442407800371,1.715731955927996,0.20307700903793302,2.723183917356393
0.20163501111993387,3.5218150031854014,0.5190683877448554,0.6093797153538627,3.7665360265834504,-0.9651713378760296,-3.6598477154935924,-4.71217323686661,2.5513725567361902,1.2030955135346466,2.0407976809922355,-2.870358384910893,-3.6362852441323024,-4.8545533433211805,-1.4941244119340302,0.8991768685463308,-1.0775595490026768,-0.6252507797627094,4.041586944937484,-1.5174453297669965,0.13989489159810797,2.8365301274114305,-1.0345721767872984,1.220867002278735,3.6236370874674515
4.495206236576421,-3.5292651907096206,4.265876251614944,-0.07883706920461808,-2.4175561170104167,-0.40864243761738694,4.8003257528547705,-0.07381906007130401,-1.7124838971249179,1.3340085431672577,-2.598543812218069,-4.241366718913361,-3.7112027808935077,-3.719541610422276,-3.4809730648770563,-3.6117282735058986,1.408747448032146,-3.1811991560085517,-1.543327166761368,3.967884099060118,-0.2603835973712765,1.6755773852102718,-3.2768012879837016,-3.0771098119132922,-4.591313837335211
-3.3106493692783543,-2.2140966096804138,-3.229895157232532,-4.112974662429444,-3.793641288993992,-0.3922123196727423,-2.936662815942075,-1.3573013895192454,0.0341727085485688,1.903948286293653,-4.606878601589011,2.9941039890904264,1.2790038949090776,-4.182409680511281,3.735786241067772,4.208724005318132,-4.389220401451363,-2.2312235185279627,3.0620127979306133,2.4825969038365834,-3.1547898064362268,-2.906506766632897,-1.2952789720861801,-0.15477014808978673,1.1825477153029595
-1.3108636043022759,-0.37465283866852106,2.4747093813375654,-4.6331679710940215,-2.4756305565597927,2.1334958588455244,3.9520683768719933,0.11677442115666126,0.32113485265315656,-3.9282798866022395,-0.5258763317654536,0.32617266455023164,-2.5752949636527034,-2.3075676905061906,-1.2271583689537735,-4.799288022222736,-1.7792083441682172,-2.8855199300345538,-1.7250264782208535,-3.802378681807488,3.9052728073989496,0.9359245355404866,1.791023191444896,2.891712386073383,-0.015578010709427215
-4.130797119125763,0.3710654181854778,0.8684111802087913,2.4543947418433,-0.6834045377032061,-3.7241969720443624,-2.1622409420127555,-1.369177036013649,1.4591724133160122,0.7077830466891188,-1.4390327410215376,4.865152487929797,1.0577481935688715,-2.627732082640055,-3.9821752737959626,-3.47140860815668,-2.540422716154919,-3.3931862674044435,-3.1343297594869424,-2.149048313061529,-3.2662640470524518,3.9676542462642517,-4.1976625433835775,0.2451138957025467,-0.8960317301033849
4.823786169086064,-3.8796109783194765,-1.0214440095425836,4.694704332753688,3.6550712589398024,3.170720709492799,-2.420971729550602,-3.2911241260993416,1.6864321992443099,4.293759891275858,0.5676289301392978,0.7161268946989985,-2.2002090633971583,2.694929331919369,-3.1295625144247663,-1.7632076359575632,-0.7456356138358322,0.07610378684455021,-2.5759026758491976,-3.8516317526079646,1.106200424416326,-2.1136944675974423,0.8123822142261228,-3.4563728472579767,-0.1885989814518252
0.3258943255158586,-4.4817646317757305,-1.6339572180607942,-3.6558532306102576,-4.366250295272323,4.899602323899453,-1.7764615502527703,3.0987444585463484,-2.4535934523623615,1.8150272222392927,2.6022785988968655,0.9563874060784427,-0.2842381144984163,-0.8815908585273147,-1.511317334570047,4.295291442478258,3.3061940778772914,4.650269106665126,-3.757027765144553,2.308674752036443,4.383404568210379,-3.1876693383433983,-4.335037326332225,2.4112064929005905,0.744731131799119
3.4182877675827203,-3.602276233737105,2.952673118598902,-2.9837267995225547,-3.363440571342955,-3.3573420206900706,3.145747202313821,1.6519722069620013,0.23065424769119325,-1.411695158764975,3.7720054081310828,-1.0755489257736461,3.1659943947157707,-0.6086509142978158,-1.2305557057509242,-0.37320214330393564,-1.9862212583585792,2.476093801762511,0.027203900924791524,-2.677873048531827,3.995745732745685,-1.161087786267886,0.43552861113988595,4.064721109645469,1.242379959139921
-3.831019592916359,4.398321236134751,1.2770805307141786,-1.6509438534291387,-3.607279273366127,2.9402518927029595,1.2007275592851352,0.3346109197632152,3.9389258305095765,2.8859721122453075,-3.4832512026724882,-1.8827793220445177,-2.5151086018553426,2.4394629257267697,-4.664675652642206,0.6988968487131653,2.6245868574069053,3.7676563676174943,-1.5791825128409254,3.2125730467201286,-3.8936826304479277,3.4645229173451817,-3.725113376680176,-1.0271270943963273,2.972953657795536
-3.500825726512262,-2.7074860476735854,2.222525683930663,2.2003653654607436,1.411476328852973,1.9394844446710002,0.42724443347596175,-2.4820094109304724,-1.5430400649608056,-3.184022831985743,4.084505613336283,0.8339179476612046,-0.9914858323636011,-0.37994196355867316,4.472833396118153,-3.466485968839198,0.8622983201679724,0.05888678884465981,1.1145423543464783,-4.818898161791595,3.721239089441515,4.321182824836124,0.6513318358920894,1.9665082387689226,4.224993811772957
2.072386343133986,-3.4746095708573863,0.7628836016681317,1.067150463828559,-0.7586932869761398,2.3644423562472285,4.3436701476901485,4.255685129067763,-0.49160628595867895,-3.8676195415924477,4.8484119896233455,3.388980864459341,-3.7533731879673313,4.208418826173723,3.698963620621283,0.18838057126072116,0.9127543574492925,-1.0099729612986974,-4.452383611779687,-1.6480275835409908,3.0285344859801144,-4.953679769953972,-1.6650082830885582,-1.0183130640905669,0.3739560293792288
4.198556164127605,-1.5365400563403875,-1.530467981037723,2.3750124810974835,-0.4778205911019284,-2.7539517706001804,-0.475604838673066,-3.5914297962020014,-3.236130134937767,-0.01632227260520258,-0.8107455049545209,4.148459010681,-1.3760610088336689,0.8058835027804345,1.3226428791953038,-4.869055434116664,1.635373720167106,-3.219640331302486,4.610703174694551,-3.5133727224688704,-0.8537587627297627,-4.146503319213561,4.968742518459473,0.02195010331242586,0.9538501732004379
-4.329235226115725,2.499604703991778,-2.9009440690441424,3.9805428944071375,-2.9486035951799283,-3.0931227933633343,-4.634503321519051,-0.2793305489000075,0.6484113326261642,-4.342913605716476,2.7552761669501056,-0.46711165251972386,0.2439026932758004,-0.5923725306177186,-0.9923693912467402,0.5964033130821789,-3.447597540692875,-3.1807186950472888,3.617856210135173,4.461154621336327,-1.2669068372024705,-2.292553268564462,1.4399954323901576,-0.912658289019036,-4.746136443396551
-3.4384740263380964,2.1597222884739753,1.5892394191015136,-4.729040074965165,-2.780278380670506,-2.689252034119286,1.7189274359872841,-4.802894622456359,-3.9589141801542613,2.999160853731894,-3.214553379456664,1.527461078518747,-2.618172189532735,-4.005586072406548,-2.5682780900054594,2.2226693185565916,3.5569646810628575,3.302198645669916,-1.0281647038154518,1.6808513657064617,-2.9501570458417903,-2.0685226973898674,3.963358185211198,-4.86998076489264,-4.14491469145532
-2.921137448539727,-4.734677961261803,-3.185645649102027,0.8304156096969217,-0.7857544940750205,3.9267171107697485,3.1744356173844093,-1.5818264830212403,-2.405765665687075,-1.203075918327331,0.9029494251480774,-2.3193635917712374,1.2414890784913402,-0.9058834780875957,0.5204718085198023,-0.6387347086468331,-2.0553424045808235,4.484533069621567,2.636057941597608,-3.5988682423354748,3.684679758979128,-0.12568801750486358,3.9455222689409144,2.9985525594731524,-0.7478649553076655
-4.775306916798826,-2.313226406150539,0.4163421466086692,1.3347821982614727,-2.421123145667977,-3.6064392592717587,3.3493023679929914,4.844021807035521,0.25690182302685827,-3.2832071415169652,-2.2769267348063105,-4.816093234525333,4.14298806560499,-3.8224891710985887,0.7651647551425356,-2.25944779312794,0.5417800251579341,1.5142038835186422,3.297418037072016,-2.935787282393968,-4.8900417134151954,-3.6311436993119273,4.000186418481051,3.7389007756251527,0.974131021703083
1.0051686043365338,1.6503667454625548,-3.246287213765504,4.144119459249598,-0.8122947510792689,-1.1686147175050254,0.18917705282837538,-4.53034033224945,-3.337166312439206,2.3803361642637046,-4.172013320748736,1.031521094663882,-2.5465089031867905,-1.1070438595802345,-2.1130626322930013,-1.4432728353505087,2.190459051842455,-2.0287828437682496,0.6640464029689719,-0.23949597800900335,1.6367116536264814,4.36829739324758,2.325720972102503,-2.850596214092432,-4.688168649387153
-2.377359557001749,0.9507793070025483,-4.485741865157497,-0.036337527987636564,0.9684284891688921,-1.6575610918303918,2.7091220374582194,-3.934017468662282,-4.248622182641912,2.2818875620360335,-0.04508683793801538,1.8840239642773604,-0.6517266139625377,-2.535979667608932,3.1910231767419974,2.9941587896897923,1.9469647085442676,-2.2785486277003733,0.902306668690871,-1.390261030599732,-4.084179266733658,4.173135754622428,-3.631813690810386,4.502373538208024,-0.5399422704204426
-3.1486707116138035,0.41900947378358144,3.7294583587640826,2.322248864095612,3.065611478614497,1.5878336671071736,1.9227656451785247,3.491956515653193,-2.5033199114081404,-0.10575036356859524,-2.7879055818039777,4.87668007996647,4.440593396866133,-4.605731886314941,2.0557517251568846,4.252483174156659,-3.1942465487266647,0.6794523055262947,4.154882975880419,-4.660540214142012,1.9742026724683992,-2.0265099262744926,4.243961953765304,4.710582451653678,4.442664891134339
-0.2578578334253623,3.620426509893134,3.445493985350704,-1.8089952675674437,3.2891547415067732,-4.629923652845074,0.9626987848205304,-2.6999116271229697,-3.794331142227212,-4.230467983707909,1.9628877587813975,-1.6012503623193386,2.2476677152876148,-4.346436592010576,-1.8470966216938967,0.39491292375337217,2.9072316483896357,-1.8124749706793009,1.258913764370091,3.8597774823618716,1.1586318818230457,-2.670405252463662,-4.75599218443462,3.700988739009299,-4.787305891496128
3.747016726841994,0.28937134027211986,4.3906769851289615,2.9878323577366537,4.979341105333375,-1.4928818454828985,2.671882889311269,-0.9806908639075784,-0.20124379696091155,1.2750546321837009,3.7367711418633878,4.840834691992951,2.682734138645182,-0.8223321783266624,-0.7864299772292982,2.3758230158889146,-2.6122285423169767,-3.8952588686860534,-1.4537784235922346,-2.1276100834591825,-2.036918795440099,-2.6639224895009006,-4.579068103636381,-4.8212606526658615,4.877223897360316
-0.7222686626413766,-1.1567335284031832,1.7964728269306984,-2.8174611213493583,4.499611839502253,2.8634501441555207,-4.105889976877405,-0.8241922421507164,3.791183075621647,4.447320222914103,-0.3259848875013027,1.134113892107077,-3.3296605390792475,4.911686261369765,-2.6832829861655663,4.427317741351256,1.4964664899236846,1.0773679487885912,0.12688511016508586,-2.6933018828224133,-3.2347196799449174,-2.7951379092982465,-3.1356173785574546,2.795844735667533,-1.498747408332699
-4.421573234366036,4.6910263014081135,3.837858849634257,4.27752283195213,4.949078226464353,-3.2610475078051273,-1.0375798109734125,2.582384757040913,1.9602061805379223,-3.4610409366014494,3.158331249906178,-2.7555942816333934,-2.7618238517737694,0.3697442289341357,0.9293993484170315,0.8008620783781117,-4.085131626022451,3.7746086263038037,-2.3439995741129396,-3.7048507871719583,3.887480798689772,4.556514982297534,3.621276172654506,3.095160747248781,1.5524198063902173
0.5085737060913931,-4.130132400885898,-0.9154678692930129,-1.2731148298768602,-2.4024621623967377,2.2342011368858494,-0.041242649212291926,-4.189537840923521,-2.7981679805018866,1.8325876365959592,-4.238691405096998,3.5120691404876867,-0.04853472986025675,-0.19413422673352,0.924077846595176,3.2468096592514915,-1.5219079209780695,1.7801615255906356,0.6573196399579107,-2.3297172983057868,3.78629986355158,2.974260216069281,1.584518346584255,3.505817290942419,3.6729420095980236
2.083629767150348,3.3701332836367204,1.9747146166928364,1.801407717603004,1.186113782151843,2.5271663955764123,-3.413948947069263,3.8087075919892843,3.71843527745232,-4.7075271696544085,3.2581675056476267,-3.711301325265548,-1.648811457408581,2.4350825629160777,-3.392401039516918,3.179670241190622,3.321341779577419,0.07467733760836204,-4.936141282831664,-2.129618668250872,1.169269183757422,4.811861780274235,1.3181352701666837,-2.4019641893584023,1.3400570309961135
0.39985379715855474,2.798453951511436,-3.9301936117304157,2.6102790250202803,0.41266578676110277,4.629920038589947,-1.5812783396131391,1.3262189313394812,4.320281055100175,-3.9749027200932074,4.372284872364512,1.8788572230081335,-4.321629408948281,-1.9903643305318375,2.081720886452816,-4.326493985312283,0.8217046017627327,-1.5411694304704326,1.209155177674771,-4.542579661874871,3.7153680615237628,4.734889691773969,4.688778552856915,2.4965183174292473,-3.6991375986936803
2.582631959290226,-4.754130835411985,-4.7787644847100275,-1.7638978085045875,-0.1135680959533425,2.7040741780779323,1.832953766065052,-0.5409729362325166,-2.263733337183341,4.9712450015771115,-0.7381869776402705,-0.4861297567032452,-3.363761788083308,2.9480954874992937,1.9368222578148864,-2.792303872112396,-4.1761895438415735,1.804993020747131,1.5451121428113523,-2.2674047300179065,4.508635622504103,-3.4894210821909977,-0.6766519895739809,4.436159201675989,-0.8027268307387769
1.3852594766408555,-1.0240560203720572,-2.2578479765132995,4.8397764795982825,-0.9066599368495698,3.9409920367913442,-2.700453941089138,-2.868952959749167,-4.688659171154886,1.5166682537588505,-1.3147365627623886,3.6435824983963707,-0.2679009330844284,4.681934279147217,-3.1447448429687883,3.6862316795561076,2.7659685279174173,2.70921844644052,3.4478322811688766,2.610239909429989,1.2622032163141539,-3.6875512231761243,-4.674738205087481,4.208478478156868,1.1665031452073804
2.965372909761763,-0.18477648487449927,-3.826918110376055,-3.748142077974496,1.8556528722897137,-0.6969410510053731,-2.994752732996633,-0.08405453258563123,-4.357910629248659,0.8197140191439878,-2.3100659556490233,2.9755910063718813,-1.8963804107642623,-0.44779850918198805,-4.883794600918994,-4.275531122054411,-1.0750644359331518,-0.20061165282876492,1.0002054811930372,-2.0833742129069677,1.9498188612654255,3.601223971892046,2.798509888933498,-4.6038117465164285,-0.19493052742171058
-3.9506982158182513,-2.5795498413747255,4.8666259326714645,-3.5750445709848675,-0.011118465486439355,1.181557343181191,2.0246497054410395,0.596486834869141,-4.902291525808163,-1.7353869175600811,0.17711643384711429,-4.121335008551666,-1.4937306879081924,-4.667968912086335,-4.214215028449793,-1.0307672379840394,-3.6728424595693965,0.6754084826155815,1.8946496913726574,3.0058669910908287,-2.9984975575518993,-3.3251741774093024,-3.9543215966559977,1.364302495436367,2.0647572648690113
-4.68413855174358,4.362122462436898,-4.480287163485276,0.41296335301070464,2.0906051945091644,3.7096912374608557,2.1408693213242778,3.017280830697918,-1.6054980745719394,3.148251137465122,-4.198851536153248,3.9481665606052765,0.4759237615373624,3.172977699624937,-0.4768171548169986,1.4357769519652497,0.2640266093611321,2.3158952175533187,-4.183700179694104,-4.396479160094362,-2.5289676598985356,-3.4045531988681166,3.717835665922017,-2.807860126419557,4.758652558191313
-1.6310420822889315,-3.178820843113007,2.8969850714247913,1.5870777550087611,-0.018042835468610186,0.5536355093763123,2.1920177827226386,-2.7154525866870127,4.963339160567419,4.747931621467831,1.5032568634693688,-3.0045754907085485,1.8022824243129132,-4.278015910208241,-4.693474977941939,-2.423171114887863,-0.37377043260683696,3.6827250540838055,2.27169069766308,2.4270652119998104,-0.7450666555192464,-1.5406500745303708,-1.289612370153973,4.876495637360579,-4.598908085875175
3.6703149612244856,0.7867540857239341,-0.6138458081040954,2.252576604151365,-0.1333105857529715,3.7342323808166054,4.007018640112586,-0.7827907312654458,-2.231722027649484,0.9235032859336223,4.1236334561669095,-2.893378109943334,1.2296658356348278,1.3156022009252055,2.33113022415281,-3.684323148727402,2.1582496468208854,4.09032520665641,-3.2031689112975803,-2.6245667507612236,4.713950940416396,-3.1902304729051023,3.5438509336957913,-0.0772214355196521,-2.5276892559682294
3.7074990127251137,-0.5469474499733451,0.1481735392969019,-1.407666306002343,0.9295085143492743,-3.3647612741497723,-1.089184633482393,4.694123223352875,-2.4186656729887246,1.567366645412922,-1.7480993577530513,2.7347312568660067,-3.6912633928165017,4.698210450785448,-0.4621045861636075,-2.6394953665353604,-4.265032526699874,-3.302420949124593,0.19773948556017662,-1.629968235687137,3.2888336588260945,-0.6911247633819406,-2.512857274123701,1.1714498660403005,2.067772168854458
-3.3295809209905016,-3.3238078371168234,-4.6332857306645705,2.364020150656405,1.6380452762180508,-0.25369124250186115,3.441704489691971,3.0567015295005318,0.8535436439675215,3.6827128051325864,-2.9415878996323173,-3.8808038060227212,-2.302503884830104,-4.429131439106851,0.3116952800103201,4.366056922949615,-4.6065645933149035,-3.778900859899732,-0.4780097171656472,4.338750175279049,-1.838438950232495,0.07234808688392436,-4.584271409496079,-3.5165679903791114,4.866301229588469
4.6511869643604555,-4.950600190655904,4.51811785423239,1.3911993781550036,3.679182945200221,-0.452601443661409,0.15596028579250243,-0.11153419743079818,1.6686425754610434,-3.603487452436871,-4.700264101273221,-1.9207005840880909,2.046807627366467,-2.9814654787705166,1.7343243332491731,4.699120461072704,-4.060992842105816,1.7260211822512628,-0.5624978069542885,3.681422543775054,-3.228502105526141,1.9262595222616452,3.381152896481102,4.446142194740233,1.8324802828964581
-0.028252359915726943,1.1784724020121384,3.6890498447871822,0.7060974663882968,-4.696129403031631,4.309486955069778,1.8952675103156114,1.7651338577724651,-2.8432484760228283,1.588854702326572,-1.0613559434584152,1.5123297704149208,-3.934069696920093,1.5784530460303603,4.994137257706665,-4.51787961139444,4.7717418422131725,-0.9309203927712939,3.7075345033725915,2.823854840582735,0.670162609866678,2.3844920925132653,3.7851556130134787,-0.9585967834896703,-1.729668384367613
1.6759338556358472,3.078459419412586,2.6228513477661575,2.978136488586345,-0.64416685187067,3.178342161750216,-3.7979094462939154,0.44489097960849544,-4.942413395018784,-1.754141700997297,-1.3353846512860212,-1.038273083907446,1.9546720668986217,-1.1144189872965427,-0.5130637737746935,-2.624558691256725,-1.2674820837065992,-2.7273037273684855,-4.268040762315564,1.034485933813779,1.6821279855501625,1.194903460096145,-0.36505956199427647,-1.2021421982077019,3.633336495718252
0.19081785136218055,-0.20818122370269032,-4.743579341935643,-1.5875217237384365,-1.1980438121414294,-1.0117721910309951,0.8017236922733229,0.3360254672687846,1.0790509279344462,2.6488326154212825,3.1298573871609348,2.181230762264944,4.555236959549347,-4.817674173236384,-3.0422201431645393,-4.924371250218579,1.47474714154603,3.980305489499869,-2.5651770342370073,4.2703454479630665,-4.397326097104392,4.3443602680551425,-1.4837731276036559,-3.985791715507835,-0.14128240813674364
-2.432234322794921,-2.1512709803807715,-1.9271003507371343,3.0302589783266343,0.39161276675254486,-1.8869230084399635,1.1033378331091837,2.1615067422319356,-2.2737599926646626,-0.8645089847464849,-3.7811390666305247,-3.188506504653197,1.8111785396498281,-3.1856165230437306,0.2516338366706017,2.090462617224327,-3.9312307690525614,0.6731221962890355,-2.4343721629863624,4.629268752375798,-0.16454353280075273,3.059925497751581,0.5022654215626177,-4.565874671451809,1.3315137559402235
4.51403342206657,1.0161182014633119,3.191888594267902,3.8420646334840782,-2.7192022805106753,-2.8795516009177335,1.1098098885099172,-0.8897153019329529,3.3986130286672034,4.000231233980111,-1.465786206972819,-2.6312944102551796,2.805255152438618,-2.251939644518639,3.2261431851367837,-0.7626174635123717,1.6754989929147046,-4.044646861653318,1.2385932467657301,-0.48232321262770883,0.866084631754741,-3.319857922551366,2.368737449441821,3.6279707754322854,-2.8326019990922435
-4.042854444798383,-4.763614139536636,1.41971500443266,1.0709403608878076,0.4669741271407002,-2.6805290388402456,-1.0909400409448533,0.9447633518617304,-0.0323314114083062,4.877855202148873,-3.6356024744326687,1.9514455404759379,-0.9568123189570787,-0.7180038507438524,2.1759776565817623,1.9243615132436964,4.912559937021883,-3.7160571054587477,-3.958903506158337,2.2433881712874113,0.783869170064091,-2.2583933344019416,-4.205806310110134,-4.143417504035694,3.941908746641183
-3.081326752812571,-1.7662843788447924,-2.73343597773012,-1.450036941680627,-4.305761572539066,0.1905979090827037,-4.3238743640778505,3.0035650782236156,-2.6628791808956698,0.4001191460451059,3.8007908756145827,1.5087736904719418,0.329577865513353,-1.756662468846244,-1.6699808694180207,1.6948695519819013,4.941393612211675,1.6183918984937862,0.577834173700249,2.306505102392461,-0.3479438771628185,-4.398576573992148,0.6229681587790981,4.576252845053802,-3.2469705764234034
1.9000489082066574,-2.9906631134094352,0.35827684473081267,-4.033235503532804,-0.4962906374181486,2.5616332889524607,-1.5242847576101792,1.6491172448721803,2.954499607897292,4.271778194794527,-2.6535791814454646,-1.0068408419069186,-3.475839866695826,4.924835021583752,4.270009679242953,0.39957130280559583,3.4203329437642127,0.20957977272042183,1.235856880027597,-4.108755678839834,2.5527042049680793,-3.7228651636476515,3.260676302525284,2.820280876703859,2.0874469774297646
-4.638396194752379,-1.968716440546714,-2.368874300891571,-1.398635925284809,-4.123572532361615,4.369578230310628,0.5380224071237627,-1.9447568934197645,-1.0301848292571658,-0.5279745949516435,1.005943333606173,0.15679427696497772,4.193919732144174,-0.03036517094169744,4.921580148233127,3.5142495774509577,-2.914894856426642,4.305952146439163,-3.836336021145239,3.174497084911916,-1.1937670652341992,3.7797432044506953,3.6805669010745037,3.0592540011762113,2.900304363070614
-1.9532086090195921,-4.190807169487478,-0.9701982123483854,-3.2647548501349135,1.949510889024617,-1.5390027346221447,4.756102008599149,1.4097207734533201,3.2248056363436097,-3.6747532725815155,3.6201448227262256,4.227571905133943,-0.12938081181064098,1.0625293775097744,2.6480980090299546,-3.2516137273958745,0.025660764634424238,-1.013369722276869,-3.536260078377509,-1.3246557770846856,-4.318276906145064,-4.74188093050513,-3.6483371084517726,4.631151115891738,0.49529535895016963
4.658221611532199,-0.6750212166986802,-1.8818386691474043,0.061418628402440945,-0.6048831136708988,-3.943353157382561,1.4082631469020623,-2.839618174904004,1.1958795489782958,1.5020109239815338,-3.479751468713519,-4.386503728893318,2.807615860684398,-0.40199576230679823,-4.418362044945242,4.948663171697671,-4.422194390036333,1.9503522885855318,4.836789252634136,-2.608198957840744,-3.5775063131280382,-3.786150605775711,-1.9672485243240445,-3.989541889893533,1.921613416941319
-4.377082018699373,0.0942212814978971,4.966968538529768,3.139702695060188,1.1521943823101088,-1.9374637921338833,1.2389583629163847,0.2704146391165163,-0.7391661610962852,-3.692896232598005,3.8660421524046673,-0.5021535117867748,-3.053774881792349,-1.3224064912271039,-0.8587024747107297,3.275378955668743,2.3361438056140207,2.693048936413398,-4.889687355713528,-0.8384600182023849,-0.18655848364676375,-4.808077231769433,-2.401867912549658,2.6028982312213502,-3.6289029427100097
0.35310131452591653,-2.847981279827625,-4.878792253561067,-2.587985424004585,4.7587375491005375,3.015371118829896,4.595766443210334,-0.12145956073637554,-3.9026380132249647,0.47959488973692954,-0.45622665440039123,3.44357082739616,-4.019174192157554,-0.11758862978221818,-3.4995133530601574,-1.7532407310994003,2.3735707738779963,-0.2398187063123347,-1.2411171485423067,-1.055237214299647,-0.4055323159401336,2.850165438370569,3.920846889402344,4.553346865039282,2.869033862552951
-1.8459310425198727,1.8813470608654215,-0.6239687594460808,-2.4532937795394885,3.4087157942592263,-4.61573651037675,4.017619921354235,-0.38522535375265843,1.3720147680828043,1.593539222057827,3.951177407065364,1.3666968216720732,1.1393358476006177,-4.333479594393101,0.18408021945204078,-3.4983099918295837,2.374337687214856,0.1222192081267448,1.8022777920835331,-4.583270993976157,-4.152079839541968,2.1632338806268225,-4.279156640013266,-4.287432722347414,-4.8789152476511255
4.565013982994801,2.3750835945900697,-1.4674859149793584,-2.0346441871234475,-1.5029677025415045,2.7465353118118188,1.613706110704144,-3.1480443213253206,-3.2589066466591565,-4.016043502866027,1.6030271970133814,2.6437266222173594,-2.3495357167499598,-4.790550389690872,-4.178283325235727,4.6786003484503045,-2.0455522252257974,2.692231478381336,1.2466356885426377,-1.180603603471041,-2.9431273780444487,-3.7861358184059357,1.1501296803886663,2.7463378063778796,1.4390425354113068
0.30302133249158314,-4.580487765683637,4.684887775943838,2.987141916545746,-2.071779632990353,4.7997032935885064,1.018815896363221,0.8242265820724648,2.480731794295321,3.1176978809013756,1.5647860733150265,-3.7190425363379997,-1.617324940055016,4.280836403260498,-2.7538438815614805,-1.2783297616248668,-0.67923117055804,-0.6059501030554781,1.1293958249452551,4.430758377447076,-2.59307288167495,-3.7849862369908194,-3.025295101400627,3.869249002092695,1.4581081265520601
-2.140932107608399,3.1594693896861727,3.6136999636343603,3.4651433869027803,4.189265336395545,-2.477589798266384,2.550419287462783,-0.3946050272585999,3.4199855289006154,2.284906771616132,2.7644744649972464,1.561618376810715,-3.225712305302931,0.4502691889693833,4.846697395245082,4.373880664971189,-4.568262642029883,-3.3518518427056287,-3.6827122654543807,2.259799099852955,3.1778532985694508,-2.8648863368932806,0.05852692951828997,3.407030280112,2.328015447662506
0.42237205491848284,0.9034769045877289,0.08360546916279965,-2.0245154868117945,0.6502199285901611,1.8888530205009069,3.7332291586080766,1.3629135397924808,2.61121537043158,-3.39928365045427,-0.3844252558021011,-4.906683801729067,-2.53321135478377,2.2646171511300484,4.918099513493635,-4.008219004127841,-0.9850568413871175,3.000709686991595,-2.9596436537110113,0.5508494930228625,2.330712960296748,1.1598545026017903,-3.119752653845839,-1.4461543131426058,2.837917844853972
0.5422651413201662,-4.947703864570872,2.6099076002809385,-4.646886450597609,2.4573378273123216,-2.975194398347626,4.5807348011938025,-1.3205924869791552,-1.730683836619209,-3.511119496675553,-1.9439578450978512,3.766507618282006,4.963343376272473,-1.3169046949315166,-0.5138936904545743,2.2207093820273704,3.8619578046507455,0.9304433418678415,-1.0847430182217066,-0.8737815915137626,1.9561814649680687,-4.967817363957213,1.1958933745984068,-1.445069895586426,2.9419733127708425
-4.070093601768678,0.8820226694839051,-0.19027110113876256,1.423255259052274,-4.351464055170316,0.7998378742813128,0.6148458795952372,0.6066009441617093,1.034876665964548,1.7646793722636223,3.0498899968076976,-2.3017927987178566,3.2504941018006206,-0.017443177365463747,-4.229417208656688,-4.4144907075602084,-1.657616813039392,2.8489697711146755,2.0768093474091573,2.886149646724064,0.17269056441609365,-0.5980100204450944,-3.5254747329371607,-1.7180724639068845,-0.6598063382612473
-4.113995703203828,-2.7938804728878877,0.9822529406373881,2.3566311423918984,4.983475113929496,4.3311333134355765,1.4256519953519153,-0.78751946705928,1.3617736470823272,2.85651618080232,-3.816638090766127,-0.9009511030371176,3.398022856356172,-1.16167048066956,0.7187227122718653,0.8776936086219822,-3.155237468663606,-1.3776455834771162,-1.6548871125806786,-4.738032914679352,-4.758082361086448,3.3169704367577344,-2.2692919002718757,0.18078766238815436,-2.0127442641122695
4.406792451153406,-2.4070324113422625,-0.7034318726106492,3.727302504846018,3.4193356679180864,-3.1389858215372266,3.026433097957104,-0.4181311326210735,-0.17031127914644784,-3.6652002758405624,-4.193984862428754,2.279393069737652,-0.03538847644700249,-0.6314929738482045,2.295082286523967,2.6551289899110975,-3.4109183233064644,1.1022514947764128,-3.6464591772231447,2.5137508602904566,1.5695515626713952,4.56614621083458,-4.310419836435788,-4.429452788487457,-2.1781292530679988
-2.3829431626409403,-2.530212009280002,4.062545805210367,-2.504538001504939,-2.28050273871369,2.5939826241796373,-0.5026015754946,2.767105569551812,-4.346338424356148,-0.12428806326615693,-4.663863998167174,-4.373467965446455,4.064374533444109,-3.6075462888240484,0.32420682275217105,-0.8890439739929346,-1.5265667374115732,3.9983334568727247,-4.781766032245105,1.6378968617558909,4.633944342135504,0.6016818346184194,4.368224620330919,-4.477421207139763,-0.812066809258386
-2.3984220903794884,2.308209649807298,4.812970904972467,-2.434699375557522,1.5417460147407447,-3.0190236724025987,0.653302545716099,-0.360675133116638,4.7200532963153705,1.0852727269646656,-1.5049362791318122,-3.8590421511206663,-3.4875317126506546,-2.7468307004876493,-2.49033338659702,3.506160578411378,0.6122278828252492,0.2339091137436644,-3.8523112813078253,3.6013969334943496,2.228143032084837,-4.323316380999984,2.0783509722976867,0.4353821734264607,-4.182746542532217
-0.4169935847134354,-0.15303712869953023,-3.3422545983672425,4.456981470002823,3.4997537148066193,1.6902233732910832,-0.377044389993928,-0.8823445841549149,1.5097346715095417,0.4543186940690547,-4.377268941181144,0.12502648770331692,3.064036172328395,-0.40760122403041943,-4.480434224457316,2.862781993840331,-2.986362178640256,-2.4137916511196122,-3.352936465677041,-1.6978493512850246,2.56751505688635,0.19385859503937342,-2.951187258492874,3.778300781520408,3.7958185495152916
3.705784250460069,-2.6120378861846074,-0.487606558190119,4.849896561408751,2.7201247630999035,-4.728325787744402,-4.347954087395079,-0.36068623187667237,4.092202058615602,0.38701797952714223,-0.021874919657097758,-3.945263000433694,1.5678010472429404,3.2210316060022546,-1.1957999249243767,2.756118509253275,4.644766539008116,-2.962335408723109,0.23329631194741296,-2.1286204191542444,2.9285441903383935,0.775933658811575,1.3458241755030376,2.9791415961589407,-1.0402952733754511
4.150900684070432,0.3302886724613996,-3.42045177164652,1.9589911816880246,2.932613504382544,-1.8323832293247333,3.5717925699875295,4.061432547657664,-2.230955126221911,4.835214727152221,-3.5928847195124156,-2.9798433159751,-3.1577516076197387,3.939897100078704,1.5429255232496186,-3.4789571677772715,-0.5967658163165102,1.1529802506980202,-4.165359150106167,3.8241636840733872,3.0360353544153518,0.05206773576638235,4.671266152591704,-0.822390207249003,4.841103190364978
1.6791999880362707,1.3467127325394146,-3.34045104704215,3.81927758304644,-0.7251031207938485,-3.3776659421752067,-4.87392480024241,0.5975568363838257,0.27399622122676326,2.1935362236915856,3.9025805301780214,-4.205934153569705,2.3149649034036237,-3.1258805590241776,3.5817705315716397,3.1906351386165612,0.40793754985544384,2.102427986233115,-1.856498868162516,-0.2883210106718537,3.2163689771047164,-0.407348028267861,-1.4220173467455821,-0.05787552749700109,3.2824925243721834
-1.6479195262912727,-3.262384068642562,2.1201402033078076,3.2597821270808183,-3.9936252147646667,-2.6012588724405528,-3.580280102390061,-1.5205858841783337,-0.49649021094587353,2.4882633696330645,1.5114758488167412,1.2092856747843117,-1.476250533903456,3.414475530847599,-0.28712832601835436,4.791049380151545,1.3414213829573685,-3.737352584354973,1.76177562075434,-1.7489598456830102,1.8632719668609743,-4.303588518375943,-3.251185628240406,3.5573725890578634,-2.728204429764851
3.3704112524294008,-2.207239115455896,1.4288191005870765,1.94150573509831,0.12654753145052933,-1.9468932330326871,-2.873556236289039,-4.668106454375738,-1.960535987592762,1.53162790531283,4.383048184484827,3.7120448226305203,2.660647765353026,2.884473432532987,1.6498490347599526,-2.39713142433997,4.071950307058298,1.7073231190583404,0.6044063098043995,-3.8901053078651895,-0.5294445619357457,-0.39641728798073705,3.6456360952267,0.4664822018778847,-1.1959945102959035
4.768003285106594,-3.892794066736843,-0.7745157168805539,-4.579753248285947,2.3990412076693035,4.180765521991506,-2.1996267044951057,3.583416767991209,-2.0778176953810226,4.107701616439153,2.5396190359678394,3.0490677684143863,-4.8199344439954555,4.62810357074026,2.2667099207032324,-1.9524890461386668,3.293946648588469,-2.1847880158507005,3.7275383956612798,-3.87419609588063,2.0368597746079575,0.4069847664491033,-4.034655298045592,-2.58106171741161,-4.8759596372268525
-0.3123203453549417,-1.9873473923999962,0.9835748429775881,-2.027621922913828,-2.0008088849301533,2.431931987316034,-4.518571640216465,4.028949951919873,3.5226387439118145,1.6780468322640651,0.932215701073843,3.923024981396522,-3.1466982047128553,-4.210308378091714,-2.604898300904619,2.9457827870019027,-4.653297332735167,0.8280683508348963,4.9543751619131,3.5569609383753944,0.21445689043589455,-4.363590907133577,3.313735143857098,0.9897850817721054,-3.8506700294043315
-4.061427151766438,4.0962681943659245,1.6920026293807844,3.2928679931675555,3.7897890028226735,0.7177235204832222,0.17446351755041278,-0.6957258967900981,-1.8305341220888072,-0.6540403914128823,2.738796557301564,1.0192343101513157,3.925232899548461,-0.5661998562081227,1.0708957871875402,1.3130755309198872,0.9169716230632552,2.0263377308551633,-2.625665316251937,0.12363777545790655,-3.9577519719165233,-1.1548867235518745,-0.1233293137873559,1.5222425954547247,4.505310525862035
1.0065106654835587,2.4359391617655977,0.06266059495202758,1.3410403137633131,-4.2906778386622655,-2.45608419158153,-1.381469067948613,-0.2750664499348643,-4.543512544976163,-3.599759024466823,-2.2318569220869424,4.715326909010507,-1.6865299289694924,-0.17958941887917468,-3.0390228726160706,1.1078007107576826,-2.193167844840257,-2.9300742156157322,0.16572628445979065,-4.944942008395792,-4.923359673507747,-2.8093119089814222,-4.632786374991788,-3.9197424586930865,-1.611393506612484
3.025856795798129,0.7204864336930084,0.1266772595641641,-2.0651117679187836,4.317537194328164,-1.0298495876280833,-4.129072332042285,1.1706651611780128,-3.861616065233986,-1.5477685719830792,0.07411938717808875,3.742225246851758,-0.06453419659881332,2.022587660316643,4.928168389990704,-3.685108801020184,-2.252684744804805,-1.054239244023536,-0.7817182146116863,-0.8897892473445423,4.07611002556555,2.140326444668564,1.0790521409070375,-1.9062728213721791,3.2379038422129467
4.55060511484989,3.2119828255022655,-4.984348948085271,1.3640137018340703,-4.488646185578993,-2.4239277966627815,-4.404752996522284,1.0379545294938775,1.8658991349260678,-3.855123619340949,-1.1616111695502052,-0.4376349104445798,-1.3094697823908341,-3.7897499951480693,-0.8105220981252459,2.511780478084181,-4.289923354667446,-4.198199859180965,-1.4522870816401579,4.41725711618925,1.6857264672291405,1.786699566725648,-1.3808000916213503,0.9366079120853843,-4.898688159722566
1.360960464095422,4.132869475762368,1.1257346834481918,3.7369859346634504,2.2397305546609383,-3.7944158359630977,4.024533072858417,-4.335561556442251,0.3396747254776378,-3.5786287620654234,-4.882933892690959,-0.77965739872361,-2.0495929234584374,-0.13999506202396983,0.771998867345508,-4.562609276910527,-3.7699670487625436,0.5864239645042535,-1.5683264682734177,2.29173487549448,1.5229164859193967,3.456043629899068,1.924928266692253,-0.7006892260985187,1.729666223944324
-2.246188257445815,-1.9368650122178732,2.889851599207933,-0.5358048359841783,2.983803405183525,3.2242237366827844,3.5756233766128376,4.166352358412073,-0.6901477948670376,-1.8113318167886117,0.8219874659411386,-1.2882757656237243,1.0107416680023296,2.055858626438246,1.8840501849213687,-1.2544711297987865,-3.331397983012472,-0.6947066153779247,-3.5740585591809126,3.900970351838083,-1.5412253926214259,-3.455402527766762,-4.745522400942491,1.4582238628648425,1.3690231745474324
-1.5939583341870833,-4.28288111152349,-0.9037110510476798,-1.8878250493660642,1.7712063973500936,1.0577924945269035,-1.3540627180246,-2.821074457450099,4.880359661555919,-0.4599837880388513,1.8827423578023705,-3.5944703242163922,-0.144103003406022,-4.724632801305345,0.05455117910449947,4.640174071177023,-1.1579328701419977,-4.610039874250884,-4.690442090806565,-1.1201324005313051,-3.3997506353680595,-4.766479036718141,2.562136139501768,-0.4147699111810932,-2.1075522802734548
4.000831830164807,-3.838610397994744,4.559188289553192,-1.8603328262264718,3.8840367230868122,1.0294287647946154,3.267073597414875,4.840131632104643,-2.1159456218125428,4.6113548540759295,-1.1051810509757964,-1.1448809526307768,-1.596128957454943,0.41407607347585196,-3.458549568215129,0.5371148535801118,0.4170481241000401,2.6190181260487,3.3364996193758554,-0.5955864968757596,-1.9766675064850625,-2.4066510268290555,-3.0537616329512804,-4.423524178009751,-1.5755202116528666
-2.2975230786921674,4.664173858664073,0.5770882625004392,-1.5272296096949245,0.8046760099369599,-3.608032986543045,-0.5595625079779709,1.2623432142106383,-0.11102168207548613,-0.9822119934567575,4.9384838889969815,3.80314762148927,1.234059581594401,0.6937736118228277,1.2066047982458405,-2.9868789217756673,-1.048622567356814,-4.605404671091007,-0.24453962513173333,0.43024583957663176,-2.722502638967904,4.640288471655137,4.09454610937242,2.2214323545590586,0.3338662876536258
3.6996915964768498,-3.6934765617653706,2.90509794274885,-3.751791860331517,2.942106625494054,-2.2423243174864305,3.7709058101818895,4.440420938253978,-3.512040305948844,-0.37324394934606486,4.809873781626851,-0.16592564026853385,3.635475225145451,0.8873152213131985,-1.2467009208039814,-2.142164444741298,-2.9677690891391273,2.617981913776972,-1.1345949317697213,0.11275462200751152,-0.07674519998818075,0.7727902923313124,3.6557714562455224,4.807393435834294,-0.9241579142618306
